                  epoch,         train/box_loss,         train/seg_loss,         train/cls_loss,         train/dfl_loss,   metrics/precision(B),      metrics/recall(B),       metrics/mAP50(B),    metrics/mAP50-95(B),   metrics/precision(M),      metrics/recall(M),       metrics/mAP50(M),    metrics/mAP50-95(M),           val/box_loss,           val/seg_loss,           val/cls_loss,           val/dfl_loss,                 lr/pg0,                 lr/pg1,                 lr/pg2
                      1,                 2.5437,                 4.8688,                 3.8769,                 2.5098,                0.02273,                   0.25,                0.01588,                0.00556,                0.01364,                0.13636,                 0.0038,                0.00082,                 2.5709,                 5.3973,                 58.192,                 3.1235,                0.00038,                0.00038,                0.00038
                      2,                 2.1833,                  4.094,                 3.1132,                 2.2483,                0.05542,                0.13636,                0.01594,                0.00377,                      0,                      0,                      0,                      0,                 3.6264,                 19.121,                  7.907,                  5.806,             0.00077356,             0.00077356,             0.00077356
                      3,                 2.2753,                 3.9458,                 3.0276,                 2.3237,                0.04132,                0.34091,                 0.0194,                0.00495,                 0.0086,                0.15909,                 0.0023,                 0.0003,                 3.5904,                 14.548,                 228.67,                 6.5245,              0.0011605,              0.0011605,              0.0011605
                      4,                 2.5251,                 4.1687,                 3.5643,                 2.6801,                0.04132,                0.34091,                 0.0194,                0.00495,                 0.0086,                0.15909,                 0.0023,                 0.0003,                 3.1949,                    nan,                    inf,                 185.91,              0.0015409,              0.0015409,              0.0015409
                      5,                 2.5286,                 4.4063,                 3.4201,                 2.7107,                0.04132,                0.34091,                 0.0194,                0.00495,                 0.0086,                0.15909,                 0.0023,                 0.0003,                    nan,                    nan,                    nan,                    nan,              0.0019147,              0.0019147,              0.0019147
                      6,                 2.4627,                 4.3426,                 3.0924,                 2.7605,                0.00621,                0.09091,                0.00273,                0.00091,                0.00776,                0.11364,                0.00227,                0.00049,                  4.284,                 561.58,                 231.48,                 17.886,              0.0019175,              0.0019175,              0.0019175
                      7,                 2.3939,                 4.1645,                 2.8701,                 2.6929,                0.00224,                0.59091,                  0.002,                0.00057,                0.00033,                0.06818,                0.00014,                  1e-05,                 3.3999,                 23.827,                    inf,                 7.9153,               0.001901,               0.001901,               0.001901
                      8,                  2.362,                 4.0229,                 2.8243,                 2.6724,                0.04959,                0.13636,                0.01931,                0.00334,                0.00088,                0.09091,                0.00041,                  8e-05,                 3.3575,                 70.406,                 123.15,                 7.0931,              0.0018845,              0.0018845,              0.0018845
                      9,                 2.3373,                 3.8548,                 2.6715,                 2.6867,                  0.048,                0.18182,                0.02915,                0.00586,                0.03461,                0.15909,                0.02069,                0.00403,                 3.3032,                  15.37,                 12.893,                 4.5242,               0.001868,               0.001868,               0.001868
                     10,                 2.2728,                 3.9582,                 2.6425,                 2.5366,                 0.0559,                0.40909,                0.03326,                0.01095,                0.04037,                0.29545,                0.01284,                0.00434,                  2.935,                 10.354,                 117.41,                 5.0454,              0.0018515,              0.0018515,              0.0018515
                     11,                 2.2012,                 3.7367,                 2.4755,                 2.4773,                0.07597,                   0.25,                0.05068,                 0.0129,                0.03702,                0.06818,                0.03837,                0.00478,                 2.8487,                 5.6163,                 3.4436,                 3.3933,               0.001835,               0.001835,               0.001835
                     12,                 2.2566,                 3.5961,                 2.4779,                 2.4131,                0.11892,                0.18182,                0.07918,                0.02155,                0.08885,                0.11364,                0.03031,                0.00706,                 2.6031,                 4.7432,                 3.3779,                 3.1912,              0.0018185,              0.0018185,              0.0018185
                     13,                 2.0824,                 3.4695,                 2.4282,                 2.2866,                0.28951,                0.18182,                0.19974,                0.05956,                0.40853,                0.13636,                0.15834,                0.03343,                 2.5476,                 4.2939,                 2.7809,                 3.0102,               0.001802,               0.001802,               0.001802
                     14,                 2.1238,                 3.4081,                 2.3535,                  2.294,                0.36473,                0.34091,                0.32064,                0.09034,                0.19095,                0.18182,                0.14985,                0.03045,                 2.4332,                  4.404,                 2.7455,                 3.0421,              0.0017855,              0.0017855,              0.0017855
                     15,                  2.135,                 3.4696,                 2.3265,                 2.3765,                0.30847,                0.34091,                0.29192,                0.08959,                  0.486,                0.23663,                0.25833,                0.06501,                 2.2798,                 3.6162,                 2.1602,                 2.9447,               0.001769,               0.001769,               0.001769
                     16,                 2.0408,                 3.4369,                 2.1261,                 2.2361,                0.12865,                    0.5,                0.14489,                0.03953,                0.24857,                0.13636,                0.11504,                0.02791,                 2.4753,                 4.1727,                 2.5448,                 3.1199,              0.0017525,              0.0017525,              0.0017525
                     17,                 2.0499,                  3.206,                 2.1343,                 2.2707,                 0.2011,                0.56818,                0.21096,                0.06408,                0.16341,                0.27526,                0.12564,                0.03387,                 2.3687,                 3.6836,                 2.1958,                 3.1394,               0.001736,               0.001736,               0.001736
                     18,                 2.0683,                 3.2418,                 2.0556,                 2.2384,                0.29829,                0.34091,                0.26587,                0.07682,                0.31744,                0.20455,                0.18676,                0.05002,                 2.3335,                 4.3823,                 2.1139,                 2.8668,              0.0017195,              0.0017195,              0.0017195
                     19,                 1.9754,                  3.186,                 2.0546,                  2.186,                0.16254,                0.41911,                0.19443,                0.05985,                0.25316,                0.31818,                0.20168,                0.05802,                 2.3458,                 4.4249,                  2.227,                 2.9512,               0.001703,               0.001703,               0.001703
                     20,                 1.9758,                 3.1912,                 2.0958,                 2.2075,                0.15239,                0.34091,                0.13488,                 0.0392,                0.19533,                0.36364,                0.14992,                0.04567,                 2.6083,                 3.8818,                 2.4344,                 3.2543,              0.0016865,              0.0016865,              0.0016865
                     21,                 1.8809,                 2.9783,                 2.0179,                 2.1115,                0.31679,                0.61364,                0.34452,                0.14025,                0.27182,                0.38636,                0.29906,                0.11182,                  1.958,                  3.277,                 1.9627,                 2.6226,                0.00167,                0.00167,                0.00167
                     22,                 1.9635,                 3.1425,                 2.0527,                 2.1846,                0.44294,                0.52273,                0.44447,                0.15864,                0.51818,                0.38636,                0.38668,                0.11634,                 2.3168,                 3.4924,                 1.8381,                 2.9255,              0.0016535,              0.0016535,              0.0016535
                     23,                 1.9138,                 3.2247,                 1.9199,                 2.0806,                0.43633,                0.52786,                 0.5043,                0.20685,                0.34178,                0.43182,                0.36186,                 0.1326,                 2.2286,                 3.4466,                 1.7974,                 2.7992,               0.001637,               0.001637,               0.001637
                     24,                 1.8309,                 2.9691,                 1.8598,                  2.086,                0.53226,                0.68182,                0.65079,                0.28074,                0.55264,                0.68182,                0.60428,                0.17302,                 1.8885,                 3.3241,                 1.6068,                 2.4788,              0.0016205,              0.0016205,              0.0016205
                     25,                 1.8049,                 3.0239,                 1.8957,                 2.0941,                0.46728,                0.65909,                 0.5949,                0.20852,                0.38111,                0.54545,                0.42203,                0.12444,                 2.1255,                 3.5711,                 1.7941,                 2.6055,               0.001604,               0.001604,               0.001604
                     26,                 1.7822,                 2.8486,                 1.9219,                 2.0456,                0.46225,                    0.5,                0.56527,                0.20618,                0.56101,                    0.5,                0.55546,                0.15939,                 1.9856,                 2.9644,                 1.7334,                 2.5424,              0.0015875,              0.0015875,              0.0015875
                     27,                 1.7312,                 2.8608,                 1.7381,                 1.9903,                 0.5352,                0.61364,                0.67439,                0.27783,                0.41231,                0.65909,                0.54967,                0.17848,                 1.7005,                 3.0191,                 1.5383,                 2.3143,               0.001571,               0.001571,               0.001571
                     28,                 1.7598,                 2.7375,                 1.8286,                 2.0474,                 0.4154,                   0.75,                0.58471,                0.20779,                0.32579,                0.56818,                0.35095,                0.12232,                 2.0439,                 3.2385,                 1.6974,                 2.6391,              0.0015545,              0.0015545,              0.0015545
                     29,                 1.7574,                 2.8035,                 1.8458,                 1.9831,                0.37687,                0.65978,                0.56015,                0.22064,                0.50637,                0.36364,                  0.392,                0.12857,                 1.8477,                 3.2052,                 1.7315,                 2.4572,               0.001538,               0.001538,               0.001538
                     30,                 1.6598,                 2.6012,                 1.7219,                 1.9008,                0.33898,                0.68182,                0.48169,                0.18309,                0.31075,                0.59091,                 0.4005,                0.14203,                  1.971,                 3.2381,                 2.0278,                 2.4901,              0.0015215,              0.0015215,              0.0015215
                     31,                  1.625,                 2.6074,                 1.7972,                 1.8832,                0.48172,                0.63636,                0.59751,                 0.2394,                0.45337,                0.58443,                 0.4973,                0.20898,                 1.7905,                 3.0044,                 2.1215,                 2.4217,               0.001505,               0.001505,               0.001505
                     32,                 1.5746,                 2.5257,                 1.7012,                 1.8483,                0.51621,                 0.8003,                0.60424,                0.25428,                0.46005,                0.71656,                0.51215,                0.15699,                 1.8631,                  3.065,                 1.6446,                 2.4348,              0.0014885,              0.0014885,              0.0014885
                     33,                 1.6207,                 2.5153,                 1.7551,                  1.904,                0.51653,                0.79545,                0.62518,                0.31275,                0.59895,                0.63636,                0.63224,                0.23444,                 1.6923,                 2.9314,                 1.4848,                 2.3835,               0.001472,               0.001472,               0.001472
                     34,                 1.7087,                 2.5967,                 1.5548,                 1.8976,                0.54611,                0.65909,                0.67501,                0.33924,                0.49893,                0.56818,                  0.602,                0.21928,                  1.796,                 2.9937,                 1.4627,                 2.3385,              0.0014555,              0.0014555,              0.0014555
                     35,                 1.6885,                 2.5434,                 1.6318,                 1.9179,                0.65116,                0.70455,                0.74149,                0.27205,                0.66609,                0.68182,                0.68366,                 0.2547,                 1.9076,                 2.9212,                 1.5663,                  2.422,               0.001439,               0.001439,               0.001439
                     36,                   1.63,                 2.5064,                 1.5548,                 1.8527,                0.55131,                0.72727,                0.65428,                0.28368,                0.61893,                0.66454,                0.63792,                0.23581,                 1.7572,                 2.8304,                 1.4367,                 2.3688,              0.0014225,              0.0014225,              0.0014225
                     37,                 1.5502,                 2.3363,                 1.5418,                 1.8007,                0.50207,                0.79545,                0.58198,                0.22123,                0.48253,                0.67822,                0.55906,                0.17032,                 1.8511,                 3.1738,                 1.5064,                 2.4136,               0.001406,               0.001406,               0.001406
                     38,                 1.5037,                 2.3918,                 1.5722,                 1.8353,                0.50352,                   0.75,                0.68148,                0.28208,                  0.546,                0.68182,                0.61443,                0.22063,                 1.8112,                  2.679,                 1.4238,                 2.4091,              0.0013895,              0.0013895,              0.0013895
                     39,                 1.5659,                 2.2809,                 1.4949,                 1.7953,                0.58205,                0.77273,                0.70445,                0.26995,                0.56483,                0.70455,                0.62309,                0.23576,                 1.8954,                 2.7525,                 1.3312,                 2.5038,               0.001373,               0.001373,               0.001373
                     40,                 1.5651,                 2.3628,                 1.5216,                 1.8278,                0.68794,                0.72727,                0.72823,                0.31744,                0.71296,                0.73398,                0.74386,                0.31796,                 1.7572,                 2.9034,                 1.3264,                 2.3433,              0.0013565,              0.0013565,              0.0013565
                     41,                 1.5127,                 2.1942,                 1.3995,                 1.7595,                0.67179,                   0.75,                0.73354,                0.32937,                0.58976,                0.65909,                0.57233,                0.26211,                 1.7892,                 2.7457,                 1.4116,                 2.3748,                0.00134,                0.00134,                0.00134
                     42,                 1.4901,                 2.2484,                 1.3907,                 1.7039,                0.63616,                   0.75,                0.68902,                0.30879,                0.60727,                0.65909,                0.61054,                0.23802,                 1.7396,                 2.7233,                 1.3638,                 2.3606,              0.0013235,              0.0013235,              0.0013235
                     43,                 1.5037,                 2.3733,                 1.4096,                 1.7327,                0.65883,                0.65909,                0.71733,                0.28628,                0.54524,                0.54545,                0.50512,                0.17873,                 1.8446,                 2.6869,                 1.5014,                 2.3941,               0.001307,               0.001307,               0.001307
                     44,                 1.4889,                 2.2694,                 1.4067,                 1.7407,                0.64208,                0.77273,                 0.6905,                0.31917,                0.67021,                0.65909,                0.60176,                 0.2704,                 1.9407,                 2.7493,                  1.278,                 2.4372,              0.0012905,              0.0012905,              0.0012905
                     45,                 1.5098,                 2.2439,                 1.4331,                 1.7582,                0.70937,                0.66579,                0.71262,                0.34317,                0.68515,                0.64306,                0.64033,                0.29572,                 1.7778,                 2.7692,                 1.3227,                 2.3364,               0.001274,               0.001274,               0.001274
                     46,                 1.3749,                 2.1768,                 1.4207,                 1.6733,                0.77772,                0.63614,                0.79397,                0.42075,                0.73895,                0.64347,                0.74962,                0.37121,                  1.533,                 2.4813,                 1.3697,                 2.1092,              0.0012575,              0.0012575,              0.0012575
                     47,                 1.3566,                  2.109,                 1.4122,                 1.6641,                0.68266,                   0.75,                0.81175,                0.38503,                0.65153,                0.70455,                0.74622,                0.30724,                  1.684,                 2.5627,                 1.4117,                 2.2172,               0.001241,               0.001241,               0.001241
                     48,                 1.3607,                 2.0963,                 1.3057,                 1.6423,                0.80714,                0.65909,                0.80556,                0.36807,                0.73859,                0.70638,                0.77445,                0.34587,                 1.9282,                  2.462,                 1.2168,                 2.5016,              0.0012245,              0.0012245,              0.0012245
                     49,                 1.3942,                 2.1221,                 1.2993,                 1.6508,                0.81874,                0.82133,                0.87963,                0.43803,                0.70136,                0.68182,                0.68906,                0.30455,                 1.6985,                 2.8286,                 1.0818,                 2.2172,               0.001208,               0.001208,               0.001208
                     50,                 1.3621,                 1.9982,                 1.2803,                 1.6794,                0.70779,                0.71576,                0.80849,                0.41231,                0.78288,                0.81953,                0.84079,                 0.3686,                 1.7198,                 2.4652,                 1.1652,                  2.292,              0.0011915,              0.0011915,              0.0011915
                     51,                 1.3814,                 2.1909,                 1.3437,                 1.6845,                0.77141,                0.76707,                0.80216,                0.38539,                0.72816,                0.70455,                0.70827,                0.30555,                 1.6907,                 2.5557,                 1.2564,                 2.2696,               0.001175,               0.001175,               0.001175
                     52,                  1.353,                 2.0285,                 1.3163,                 1.6387,                0.81311,                0.79545,                0.87607,                 0.4315,                0.78499,                0.74686,                 0.7624,                0.33598,                 1.6612,                  2.735,                 1.2541,                 2.1253,              0.0011585,              0.0011585,              0.0011585
                     53,                 1.3256,                 1.9836,                 1.2425,                 1.5885,                 0.6935,                0.70455,                0.77135,                0.36535,                0.72358,                0.72727,                0.75721,                0.37146,                 1.7901,                 2.7251,                 1.3206,                 2.3509,               0.001142,               0.001142,               0.001142
                     54,                 1.2695,                  1.786,                 1.2351,                 1.5726,                0.80897,                0.77003,                0.85615,                0.46996,                0.85501,                 0.6703,                0.77377,                0.38117,                 1.6524,                 2.5349,                 1.1488,                 2.2156,              0.0011255,              0.0011255,              0.0011255
                     55,                 1.2792,                  1.956,                 1.2181,                 1.5851,                0.68338,                0.83398,                0.77208,                0.38586,                0.81917,                0.72083,                0.71853,                 0.3685,                 1.7253,                 2.4702,                  1.176,                 2.3347,               0.001109,               0.001109,               0.001109
                     56,                 1.3393,                 1.9765,                 1.2778,                 1.6131,                0.81875,                0.79545,                0.87732,                0.45996,                0.84747,                0.81818,                0.85733,                0.41866,                 1.5255,                 2.5051,                  1.118,                 2.1067,              0.0010925,              0.0010925,              0.0010925
                     57,                 1.2495,                  1.812,                 1.1312,                 1.5586,                0.74589,                0.80061,                0.86788,                0.48643,                0.72368,                0.77383,                0.78124,                0.38729,                 1.4686,                 2.4568,                  1.106,                 2.0023,               0.001076,               0.001076,               0.001076
                     58,                  1.278,                 1.9263,                 1.1947,                 1.6031,                0.78115,                0.70455,                0.78169,                0.40304,                0.81803,                0.72727,                0.79786,                0.37445,                 1.5605,                 2.1934,                 1.1107,                  2.178,              0.0010595,              0.0010595,              0.0010595
                     59,                 1.2555,                 1.8264,                 1.1812,                 1.5714,                0.75328,                0.81818,                0.85984,                0.42645,                0.74676,                0.81818,                0.83313,                 0.3893,                 1.6383,                 2.2376,                 1.0838,                 2.1588,               0.001043,               0.001043,               0.001043
                     60,                 1.1992,                 1.8677,                  1.175,                 1.4986,                0.86247,                0.79545,                0.89392,                0.49176,                0.88799,                0.72085,                0.86061,                0.43616,                 1.5463,                 2.2301,                 1.0369,                 2.0605,              0.0010265,              0.0010265,              0.0010265
                     61,                 1.1559,                 1.8714,                 1.1332,                 1.4837,                0.77895,                0.93182,                0.90002,                0.46475,                0.78621,                0.83588,                0.84602,                0.40521,                 1.5341,                 2.1789,                0.98644,                  2.112,                0.00101,                0.00101,                0.00101
                     62,                  1.172,                   1.77,                 1.1196,                 1.5193,                0.88397,                0.69272,                0.84794,                0.42505,                0.91183,                 0.7051,                0.86459,                0.38985,                 1.7213,                 2.3044,                0.98666,                 2.3185,              0.0009935,              0.0009935,              0.0009935
                     63,                  1.149,                 1.6477,                 1.0758,                 1.4593,                0.72618,                0.84091,                0.79872,                 0.4209,                0.70655,                0.81818,                0.74301,                0.33551,                 1.5939,                  2.582,                 1.1533,                 2.2075,               0.000977,               0.000977,               0.000977
                     64,                  1.181,                 1.7225,                 1.1865,                 1.5184,                0.77389,                0.77796,                0.84064,                0.48815,                0.79625,                0.79944,                0.80997,                0.43766,                 1.5209,                 2.2541,                 1.0283,                  2.131,              0.0009605,              0.0009605,              0.0009605
                     65,                 1.1052,                  1.643,                 1.0929,                  1.443,                0.75628,                0.77273,                0.82236,                 0.4379,                0.75628,                0.77273,                0.81372,                 0.3817,                 1.7468,                 2.5552,                 1.1125,                 2.3491,               0.000944,               0.000944,               0.000944
                     66,                 1.1049,                 1.8002,                 1.1004,                 1.4311,                0.80409,                0.79545,                0.86618,                0.47429,                0.77717,                0.77273,                0.81657,                 0.4246,                 1.6027,                 2.3702,                 0.9783,                 2.1581,              0.0009275,              0.0009275,              0.0009275
                     67,                 1.0817,                 1.7723,                 1.0868,                 1.4708,                0.83709,                0.81818,                0.90469,                0.57006,                0.85763,                0.86364,                 0.8981,                0.49688,                 1.3707,                 2.2409,                0.96865,                 1.9208,               0.000911,               0.000911,               0.000911
                     68,                 1.1244,                  1.729,                 1.0729,                  1.455,                0.87747,                0.81389,                0.91238,                0.55086,                0.87611,                0.80372,                0.86809,                 0.4728,                 1.4211,                 2.4097,                0.99548,                 1.9822,              0.0008945,              0.0008945,              0.0008945
                     69,                 1.0408,                 1.5434,                0.98526,                 1.3695,                0.85133,                   0.75,                0.90824,                0.53957,                0.82957,                0.70455,                0.84606,                0.44256,                 1.4688,                  2.268,                0.98675,                 2.0095,               0.000878,               0.000878,               0.000878
                     70,                 1.1448,                 1.6838,                 1.0734,                 1.4996,                0.80089,                0.91422,                0.90674,                0.51959,                0.84585,                0.88636,                0.87749,                0.40158,                 1.5104,                 2.1996,                0.94278,                 2.1163,              0.0008615,              0.0008615,              0.0008615
                     71,                 1.0959,                 1.7722,                 1.1042,                 1.4567,                0.86833,                0.89944,                 0.9439,                0.51693,                0.84535,                   0.75,                0.82519,                0.41131,                 1.4691,                 2.0669,                 0.9534,                 2.0326,               0.000845,               0.000845,               0.000845
                     72,                 1.1123,                 1.6396,                 1.0696,                 1.4578,                0.79823,                0.80932,                 0.8903,                 0.4954,                0.79823,                0.80932,                0.83414,                0.41899,                 1.4665,                 2.0867,                 1.0215,                  2.007,              0.0008285,              0.0008285,              0.0008285
                     73,                 1.0854,                 1.6241,                 1.0404,                 1.4377,                0.87181,                0.84091,                0.90078,                0.53631,                0.80043,                0.82041,                0.83965,                0.43101,                 1.4163,                 2.0267,                 0.9057,                 1.9787,               0.000812,               0.000812,               0.000812
                     74,                 1.0041,                 1.5575,                0.94184,                 1.3456,                0.75749,                0.84091,                0.83063,                0.49659,                0.71627,                0.79545,                0.78445,                0.39322,                 1.4973,                 2.2229,                 1.0173,                 2.0284,              0.0007955,              0.0007955,              0.0007955
                     75,                0.97628,                 1.4621,                0.92621,                 1.3749,                0.85149,                0.78199,                0.85389,                0.52574,                0.82674,                0.75927,                0.81166,                0.45418,                 1.4457,                 2.3716,                0.97502,                 2.0165,               0.000779,               0.000779,               0.000779
                     76,                 1.0373,                 1.5597,                 1.0451,                   1.39,                0.73338,                0.84091,                0.85877,                0.55127,                0.76397,                0.88282,                0.86075,                0.47818,                 1.3875,                 2.6001,                0.90255,                 1.9318,              0.0007625,              0.0007625,              0.0007625
                     77,                 1.0079,                 1.4881,                0.99218,                 1.3852,                0.77304,                0.85163,                0.89515,                0.50687,                0.84573,                0.79545,                0.86111,                0.42629,                 1.4083,                 2.5538,                 1.0077,                 1.9699,               0.000746,               0.000746,               0.000746
                     78,                 1.0677,                 1.5491,                 1.0286,                 1.4107,                0.78951,                0.81818,                0.86297,                0.52648,                0.85079,                   0.75,                0.82357,                0.39132,                 1.4253,                 2.6661,                 0.9251,                 1.9931,              0.0007295,              0.0007295,              0.0007295
                     79,                 1.0639,                 1.6427,                 1.0367,                 1.4214,                0.80836,                0.95875,                0.92753,                0.58371,                0.83501,                0.81818,                0.87086,                0.45178,                 1.3631,                 2.3161,                0.84464,                 1.9404,               0.000713,               0.000713,               0.000713
                     80,                 1.0133,                 1.4942,                0.96872,                 1.3888,                0.77735,                0.90909,                0.84927,                0.54605,                 0.9244,                0.83383,                0.87696,                0.44475,                 1.4136,                  2.194,                0.83057,                 1.9937,              0.0006965,              0.0006965,              0.0006965
                     81,                 1.0051,                  1.538,                 1.0395,                 1.3937,                0.84782,                0.88634,                0.86624,                0.54228,                0.83781,                0.82185,                0.83589,                0.45107,                 1.3351,                 2.2875,                0.88984,                 1.9374,                0.00068,                0.00068,                0.00068
                     82,                0.99157,                 1.5405,                 0.9197,                 1.3522,                0.82371,                0.84965,                0.87303,                 0.5772,                0.91381,                0.81818,                0.89449,                 0.4639,                 1.3057,                 2.3419,                0.91079,                 1.8398,              0.0006635,              0.0006635,              0.0006635
                     83,                 0.9586,                 1.3558,                0.90043,                 1.3127,                0.83773,                0.93876,                0.93949,                0.60581,                0.86923,                0.90649,                0.91829,                0.48438,                 1.2359,                 2.2596,                0.85923,                 1.7572,               0.000647,               0.000647,               0.000647
                     84,                0.94698,                 1.5116,                0.92099,                 1.3659,                0.88164,                0.93182,                0.95223,                0.60931,                0.81109,                0.87833,                0.89127,                0.49946,                 1.2298,                 2.2144,                0.84596,                 1.7649,              0.0006305,              0.0006305,              0.0006305
                     85,                0.98478,                 1.3769,                0.88316,                  1.355,                0.87998,                0.90909,                0.94546,                0.60835,                0.90571,                0.87338,                0.91286,                0.50384,                 1.3033,                 2.2331,                0.77814,                  1.814,               0.000614,               0.000614,               0.000614
                     86,                0.91792,                 1.3888,                0.86349,                 1.3327,                0.84213,                0.90909,                0.90497,                0.53678,                 0.8216,                0.86364,                0.85781,                0.43197,                  1.418,                 2.3715,                  0.875,                 1.9204,              0.0005975,              0.0005975,              0.0005975
                     87,                0.96679,                 1.4686,                0.89496,                 1.3245,                0.74565,                0.95455,                0.86149,                0.49701,                0.78665,                0.81818,                0.81381,                0.38158,                 1.5486,                 2.5148,                0.87494,                 2.0955,               0.000581,               0.000581,               0.000581
                     88,                0.94662,                 1.3902,                0.85379,                 1.3183,                 0.8736,                0.79545,                0.90563,                0.51926,                0.84184,                0.84691,                0.87897,                0.41276,                 1.3596,                 2.4033,                0.89491,                 1.9538,              0.0005645,              0.0005645,              0.0005645
                     89,                0.87836,                 1.3483,                0.81969,                 1.2936,                0.83685,                0.84091,                0.93087,                0.55373,                0.83302,                0.84091,                0.87882,                0.46922,                 1.2831,                 2.3037,                0.86999,                 1.8496,               0.000548,               0.000548,               0.000548
                     90,                0.91961,                 1.4387,                0.88008,                 1.3436,                0.89573,                0.86364,                0.95623,                0.59208,                0.85737,                0.81818,                 0.8732,                0.49029,                 1.2776,                 2.1156,                0.79316,                 1.8356,              0.0005315,              0.0005315,              0.0005315
                     91,                0.90963,                 1.3771,                0.90417,                  1.325,                0.85627,                0.88636,                0.92245,                0.57091,                0.86056,                0.88636,                0.91139,                0.49481,                 1.2856,                 2.0471,                0.77458,                 1.8765,               0.000515,               0.000515,               0.000515
                     92,                0.90963,                  1.401,                0.86366,                 1.2586,                 0.8703,                0.77273,                0.90683,                0.57736,                0.93976,                0.84091,                0.92598,                0.48948,                 1.2332,                 2.1302,                0.78836,                  1.848,              0.0004985,              0.0004985,              0.0004985
                     93,                0.87771,                 1.2875,                0.81526,                  1.292,                0.72581,                0.93182,                 0.8496,                0.55055,                0.81953,                0.77273,                0.81898,                0.46614,                 1.2603,                 2.2315,                 0.8466,                 1.8421,               0.000482,               0.000482,               0.000482
                     94,                0.89849,                 1.3391,                 0.8554,                 1.3161,                0.76257,                0.86364,                0.85189,                0.52875,                0.78046,                0.72727,                 0.7812,                0.44154,                 1.3395,                 2.4336,                0.85041,                 1.9274,              0.0004655,              0.0004655,              0.0004655
                     95,                0.81817,                  1.256,                0.80549,                 1.2311,                0.73508,                0.81985,                0.82375,                0.51017,                0.83351,                0.70455,                0.82316,                0.41483,                 1.3512,                 2.6639,                0.89413,                 1.9056,               0.000449,               0.000449,               0.000449
                     96,                0.86442,                 1.2534,                0.77159,                 1.2529,                0.74214,                0.95455,                0.88989,                0.53348,                0.80367,                   0.75,                0.81584,                 0.4307,                  1.304,                 2.5542,                0.86053,                 1.8505,              0.0004325,              0.0004325,              0.0004325
                     97,                0.82904,                 1.2837,                0.77406,                 1.2371,                   0.75,                0.93182,                0.89821,                0.56407,                0.81204,                0.78562,                0.84961,                0.48151,                 1.2503,                 2.3767,                  0.837,                 1.8312,               0.000416,               0.000416,               0.000416
                     98,                0.85324,                 1.2589,                0.81548,                 1.2387,                0.88522,                0.77273,                 0.8473,                0.55651,                0.85586,                   0.75,                 0.8268,                0.49859,                 1.2796,                  2.236,                0.79346,                 1.8769,              0.0003995,              0.0003995,              0.0003995
                     99,                0.82714,                 1.2195,                 0.8155,                 1.2649,                0.89276,                0.75697,                0.85473,                0.56379,                0.91957,                0.77969,                0.90029,                0.50194,                 1.2624,                 2.2138,                0.79258,                 1.8354,               0.000383,               0.000383,               0.000383
                    100,                 0.8635,                 1.3411,                0.87656,                 1.2781,                0.90348,                0.85108,                0.91817,                0.58964,                0.89829,                0.86364,                0.91562,                0.52252,                 1.2418,                 2.1188,                0.77747,                 1.8033,              0.0003665,              0.0003665,              0.0003665
                    101,                0.84093,                 1.1199,                0.80588,                 1.2634,                0.85053,                0.90537,                0.92835,                0.58104,                0.85053,                0.90537,                0.88964,                0.52566,                 1.2644,                 2.0982,                0.78439,                 1.8187,                0.00035,                0.00035,                0.00035
                    102,                0.81443,                 1.2049,                0.79787,                 1.2432,                0.83364,                0.86364,                0.92091,                 0.5708,                0.90054,                0.82322,                0.91468,                0.52628,                 1.3197,                  2.223,                0.76428,                 1.8679,              0.0003335,              0.0003335,              0.0003335
                    103,                0.84064,                 1.2525,                0.77344,                  1.244,                0.85648,                0.88636,                0.92583,                0.58674,                0.89531,                0.77753,                0.88447,                0.52516,                 1.2248,                 2.1976,                0.75056,                   1.81,               0.000317,               0.000317,               0.000317
                    104,                0.80006,                 1.1036,                0.72217,                 1.2176,                0.89617,                0.86364,                0.91699,                0.59273,                 0.8797,                0.83107,                0.87175,                0.52641,                 1.2523,                 2.0623,                0.72098,                 1.8225,              0.0003005,              0.0003005,              0.0003005
                    105,                0.87251,                 1.3798,                0.83804,                 1.2637,                0.89366,                0.81818,                0.90488,                0.58935,                0.93579,                0.81818,                0.86746,                0.53194,                 1.2646,                 2.0624,                0.73372,                 1.8679,               0.000284,               0.000284,               0.000284
                    106,                0.77852,                 1.2204,                0.77078,                 1.2343,                0.87497,                0.88636,                0.92747,                0.60279,                0.83591,                0.84091,                0.86403,                0.55454,                 1.2008,                 2.1041,                0.72057,                 1.8015,              0.0002675,              0.0002675,              0.0002675
                    107,                0.77086,                  1.156,                0.78636,                 1.2162,                0.90638,                0.88029,                0.93234,                0.62161,                0.85894,                0.83045,                0.88654,                0.56586,                 1.2163,                 2.0686,                0.67279,                 1.8036,               0.000251,               0.000251,               0.000251
                    108,                 0.7774,                 1.2108,                0.76683,                 1.2183,                0.85389,                0.93182,                0.93419,                0.62503,                0.94407,                0.77273,                0.88624,                0.56457,                 1.1975,                  2.057,                0.65256,                 1.7924,              0.0002345,              0.0002345,              0.0002345
                    109,                0.74641,                 1.0787,                0.70494,                 1.1788,                0.88544,                0.90909,                0.93135,                0.62337,                0.89921,                0.81121,                0.87362,                0.55787,                  1.226,                 2.1001,                0.66124,                 1.8276,               0.000218,               0.000218,               0.000218
                    110,                0.82189,                 1.2067,                0.81053,                 1.2323,                0.83425,                0.90909,                0.92068,                0.61065,                0.80698,                0.81818,                0.85106,                 0.5514,                 1.2423,                 2.1558,                0.67914,                 1.8412,              0.0002015,              0.0002015,              0.0002015
                    111,                 0.8101,                0.95213,                 0.7084,                 1.3621,                0.81046,                0.87475,                0.86267,                 0.5854,                0.80215,                0.79545,                0.83896,                0.53654,                 1.2557,                 2.1778,                0.71513,                 1.8291,               0.000185,               0.000185,               0.000185
                    112,                0.81072,                 0.8971,                 0.6494,                 1.3504,                0.83552,                 0.9237,                0.91293,                0.58866,                0.84778,                0.88609,                0.89173,                0.54389,                 1.2765,                 2.2179,                0.74777,                 1.8587,              0.0001685,              0.0001685,              0.0001685
                    113,                0.74188,                0.88069,                0.58788,                 1.3218,                0.77855,                0.87904,                  0.867,                0.60698,                0.79796,                0.89776,                0.90203,                0.53965,                 1.2152,                 2.3148,                 0.7803,                 1.8438,               0.000152,               0.000152,               0.000152
                    114,                0.74919,                 0.8424,                0.57691,                 1.3234,                0.81181,                0.88241,                0.87996,                0.60778,                0.90032,                0.81818,                0.91085,                0.53982,                 1.1804,                 2.3127,                0.73254,                 1.8133,              0.0001355,              0.0001355,              0.0001355
                    115,                 0.7426,                0.82358,                0.56387,                 1.3308,                0.78908,                0.88636,                 0.9016,                 0.6096,                 0.9644,                0.81818,                0.91477,                0.53906,                 1.1896,                 2.2839,                 0.7598,                 1.8022,               0.000119,               0.000119,               0.000119
                    116,                0.69362,                0.78429,                0.51797,                  1.279,                0.83258,                0.90909,                0.94003,                0.63103,                0.95245,                0.81818,                0.91019,                0.55851,                 1.1656,                 2.3131,                0.77542,                 1.7341,              0.0001025,              0.0001025,              0.0001025
                    117,                0.73195,                0.82493,                0.53705,                 1.2807,                0.84811,                0.90909,                0.93806,                0.65251,                0.97275,                0.81157,                0.92411,                 0.5649,                  1.142,                 2.3579,                0.74754,                 1.7039,                8.6e-05,                8.6e-05,                8.6e-05
                    118,                0.70695,                0.80085,                0.50689,                 1.2771,                0.99582,                0.81818,                0.94792,                0.63291,                0.99582,                0.81818,                0.93442,                0.55931,                   1.16,                 2.3307,                0.72981,                 1.7188,               6.95e-05,               6.95e-05,               6.95e-05
                    119,                0.64278,                0.75474,                 0.4952,                 1.2351,                      1,                0.83442,                0.94962,                0.63371,                      1,                0.83442,                0.93796,                0.56266,                 1.1615,                 2.3173,                0.72483,                 1.7192,                5.3e-05,                5.3e-05,                5.3e-05
                    120,                0.72679,                0.82053,                0.54489,                 1.3266,                0.90813,                 0.8988,                0.93817,                0.64064,                0.94873,                0.84106,                0.93569,                0.56336,                  1.154,                 2.3076,                0.72276,                 1.7171,               3.65e-05,               3.65e-05,               3.65e-05
